date,close,high,low,open,volume,adjClose,adjHigh,adjLow,adjOpen,adjVolume,divCash,splitFactor,div_ratio,ticker,DecDay,Time,Link,FundamentLink,headline
2022-04-22 00:00:00+00:00,12.4,12.595,12.4,12.595,36028,12.4,12.595,12.4,12.595,36028,0.693814,1.0,0.05154636,AAVMY,-,-,-,-,-
2022-05-06 00:00:00+00:00,39.9,40.5,38.75,39.83,502058,39.9,40.5,38.75,39.83,502058,0.9,1.0,0.021812894,AB,-,-,-,-,-
2022-05-19 00:00:00+00:00,16.14,16.5,16.13,16.28,2887163,16.14,16.5,16.13,16.28,2887163,0.38,1.0,0.022619048,ABR,2022-05-06 11:00:00,DAY,https://www.stockwatch.com/News/Item/U-z8536757-U!ABR-20220506/U/ABR,https://www.stockwatch.com/Quote/Fundamentals?U:ABR,Arbor Realty Trust Reports First Quarter 2022 Results and Increases Quarterly Dividend to $0.38 per Share
2022-05-19 00:00:00+00:00,131.69,135.5,130.01,133.3,485263,131.69,135.5,130.01,133.3,485263,8.0,1.0,0.056144291,AFG,2022-05-04 20:00:00,AMC,https://www.stockwatch.com/News/Item/U-b20220504006060-U!AFG-20220504/U/AFG,https://www.stockwatch.com/Quote/Fundamentals?U:AFG,"American Financial Group, Inc. Announces First Quarter Results, Redemption of Debt and Declares Special Dividend"
2022-05-19 00:00:00+00:00,119.79,122.17,117.3,118.49,560325,119.79,122.17,117.3,118.49,560325,4.5,1.0,0.036302033,AGCO,2022-04-28 15:30:00,DAY,https://www.stockwatch.com/News/Item/U-b20220427005682-U!AGCO-20220428/U/AGCO,https://www.stockwatch.com/Quote/Fundamentals?U:AGCO,AGCO Announces Dividend Actions
2022-06-02 00:00:00+00:00,22.04,22.22,21.903,21.925,26109,22.04,22.22,21.903,21.925,26109,1.83029,1.0,0.071159364,AHCHY,-,-,-,-,-
2022-04-19 00:00:00+00:00,20.2,20.2,19.9,20.15,139065,20.2,20.2,19.9,20.15,139065,0.6796063,1.0,0.032595026,AHEXY,-,-,-,-,-
2022-05-13 00:00:00+00:00,8.8,8.9,8.68,8.68,172754,8.8,8.9,8.68,8.68,172754,0.26,1.0,0.028985507,AJX,-,-,-,-,-
2022-04-19 00:00:00+00:00,11.78,12.11,11.61,11.83,53957,11.78,12.11,11.61,11.83,53957,1.54251,1.0,0.117479817,AKO-B,-,-,-,-,-
2022-04-27 00:00:00+00:00,27.25,27.66,27.08,27.54,47656,27.25,27.66,27.08,27.54,47656,0.655809,1.0,0.023472047,ALFVY,-,-,-,-,-
2022-05-05 00:00:00+00:00,21.08,21.58,20.83,21.4808,304480,21.08,21.58,20.83,21.4808,304480,0.8077125,1.0,0.034875324,ALIZY,-,-,-,-,-
2022-04-26 00:00:00+00:00,9.81,10.145,9.81,10.08,7238400,9.81,10.145,9.81,10.08,7238400,0.225,1.0,0.02188716,AM,-,-,-,-,-
2022-05-18 00:00:00+00:00,17.65,18.11,17.65,18.1,68442,17.65,18.11,17.65,18.1,68442,0.514728,1.0,0.027769098,ANZBY,-,-,-,-,-
2022-05-20 00:00:00+00:00,13.39,13.4,12.6,12.85,155438,13.39,13.4,12.6,12.85,155438,0.45,1.0,0.033333333,AOMR,-,-,-,-,-
2022-05-16 00:00:00+00:00,34.53,34.9,33.71,34.11,726233,34.53,34.9,33.71,34.11,726233,0.76,1.0,0.02154195,APAM,-,-,-,-,-
2022-05-31 00:00:00+00:00,46.11,46.29,45.55,46.29,121652,46.11,46.29,45.55,46.29,121652,0.9688,1.0,0.020749625,AQNU,-,-,-,-,-
2022-05-27 00:00:00+00:00,168.24,170.75,161.5101,170.0,809927,168.24,170.75,161.5101,170.0,809927,8.11,1.0,0.045188611,ARCH,-,-,-,-,-
2022-05-23 00:00:00+00:00,9.34,9.54,9.14,9.15,106132,9.34,9.54,9.14,9.15,106132,0.570631,1.0,0.059223576,ARZGY,-,-,-,-,-
2022-05-27 00:00:00+00:00,216.39,219.87,210.04,210.46,71922,216.39,219.87,210.04,210.46,71922,7.411333,1.0,0.033926908,ASR,-,-,-,-,-
2022-05-23 00:00:00+00:00,11.95,11.96,11.68,11.85,42853,11.95,11.96,11.68,11.85,42853,0.394642,1.0,0.032507578,ATASY,-,-,-,-,-
2022-06-01 00:00:00+00:00,4.39,4.64,4.3241,4.64,192272,4.39,4.64,4.3241,4.64,192272,0.2718533,1.0,0.055367271,AVAL,-,-,-,-,-
2022-04-07 00:00:00+00:00,11.12,11.53,10.99,11.53,67081,11.12,11.53,10.99,11.53,67081,0.39343,1.0,0.033931005,AVVIY,-,-,-,-,-
2022-05-04 00:00:00+00:00,25.75,25.81,25.0,25.0,124627,25.75,25.81,25.0,25.0,124627,1.671007,1.0,0.062725488,AXAHY,-,-,-,-,-
2022-04-21 00:00:00+00:00,38.45,38.89,38.41,38.48,114833,38.45,38.89,38.41,38.48,114833,0.8003225,1.0,0.020118715,BAESY,-,-,-,-,-
2022-04-20 00:00:00+00:00,17.94,18.1,17.73,18.01,228633,17.94,18.1,17.73,18.01,228633,0.707977,1.0,0.037879989,BAK,-,-,-,-,-
2022-05-19 00:00:00+00:00,133.42,134.77,126.0,126.68,364152,133.42,134.77,126.0,126.68,364152,3.855,1.0,0.029184647,BAP,-,-,-,-,-
2022-05-02 00:00:00+00:00,12.47,12.77,12.32,12.71,751136,12.47,12.77,12.32,12.71,751136,0.667285,1.0,0.049983895,BASFY,-,-,-,-,-
2022-05-02 00:00:00+00:00,15.81,15.96,15.64,15.92,485983,15.81,15.96,15.64,15.92,485983,0.369285,1.0,0.022537992,BAYRY,-,-,-,-,-
2022-04-06 00:00:00+00:00,5.27,5.31,5.22,5.29,3312099,5.27,5.31,5.22,5.29,3312099,0.261142,1.0,0.046219823,BBVA,-,-,-,-,-
2022-04-05 00:00:00+00:00,5.67,5.93,5.48,5.54,2706735,5.404036629,5.651840777,5.222948982,5.280134554,2706735,0.25234,1.0,0.042303437,BBVXF,-,-,-,-,-
2022-05-31 00:00:00+00:00,77.32,80.71,76.54,80.27,615345,77.32,80.71,76.54,80.27,615345,2.62,1.0,0.031730653,BCC,2022-05-05 19:05:00,AMC,https://www.stockwatch.com/News/Item/U-b20220505006118-U!BCC-20220505/U/BCC,https://www.stockwatch.com/Quote/Fundamentals?U:BCC,Boise Cascade Company Announces Quarterly and Supplemental Dividends
2022-04-13 00:00:00+00:00,19.38,19.46,18.96,19.15,59066,19.38,19.46,18.96,19.15,59066,0.477,1.0,0.024474089,BEPI,-,-,-,-,-
2022-06-02 00:00:00+00:00,67.44,67.93,66.25,66.4,3866292,67.44,67.93,66.25,66.4,3866292,7.748416,1.0,0.108218101,BHP,-,-,-,-,-
2022-05-05 00:00:00+00:00,8.6301,8.72,8.63,8.7,146169,8.6301,8.72,8.63,8.7,146169,0.17875,1.0,0.020243488,BKEPP,2022-04-26 19:15:00,AMC,https://www.stockwatch.com/News/Item/U-z8529446-U!BKEP-20220426/U/BKEP,https://www.stockwatch.com/Quote/Fundamentals?U:BKEPP,Blueknight Declares Quarterly Distributions and Announces Timing of First Quarter 2022 Results
2022-05-12 00:00:00+00:00,26.25,26.472,25.95,26.1,96409,26.25,26.472,25.95,26.1,96409,1.512983,1.0,0.052352353,BMWYY,-,-,-,-,-
2022-05-19 00:00:00+00:00,26.81,26.83,26.0,26.0,252930,26.81,26.83,26.0,26.0,252930,1.9802035,1.0,0.070822729,BNPQY,-,-,-,-,-
2022-04-14 00:00:00+00:00,15.32,16.45,14.81,15.43,1068936,15.32,16.45,14.81,15.43,1068936,1.0875353,1.0,0.064503873,BPT,2022-04-06 19:30:00,AMC,https://www.stockwatch.com/News/Item/U-b20220406005982-U!BPT-20220406/U/BPT,https://www.stockwatch.com/Quote/Fundamentals?U:BPT,BP Prudhoe Bay Royalty Trust Announces Record Date and Payment Date for Distribution to Unitholders for the First Quarter of 2022
2022-04-21 00:00:00+00:00,20.67,21.3,20.48,20.88,1014584,20.67,21.3,20.48,20.88,1014584,1.220464,1.0,0.055856476,BSAC,2022-03-22 21:58:00,AMC,https://www.stockwatch.com/News/Item/U-z8508340-U!BSAC-20220322/U/BSAC,https://www.stockwatch.com/Quote/Fundamentals?U:BSAC,Banco Santander-Chile summons annual shareholders meeting and proposes a dividend of 60% of 2021 net income attributable to shareholders
2022-05-12 00:00:00+00:00,14.72,14.99,14.19,14.5,897685,14.72,14.99,14.19,14.5,897685,0.4,1.0,0.026684456,BSM,2022-04-25 20:00:00,AMC,https://www.stockwatch.com/News/Item/U-b20220425005921-U!BSM-20220425/U/BSM,https://www.stockwatch.com/Quote/Fundamentals?U:BSM,"Black Stone Minerals, L.P. Announces Substantial Distribution Increase and Schedules Earnings Call to Discuss First Quarter 2022 Results"
2022-04-07 00:00:00+00:00,13.53,13.7,13.325,13.61,53275,13.53,13.7,13.325,13.61,53275,0.291984,1.0,0.02043275,BTDPY,-,-,-,-,-
2022-05-11 00:00:00+00:00,13.04,13.469,11.7,13.0,112921,13.04,13.469,11.7,13.0,112921,0.458,1.0,0.034179104,BWMX,-,-,-,-,-
2022-04-18 00:00:00+00:00,1.03,1.11,1.025,1.04,1870641,1.03,1.11,1.025,1.04,1870641,0.053233,1.0,0.049289815,CAIXY,-,-,-,-,-
2022-05-24 00:00:00+00:00,2.99,3.2,2.85,2.95,666737,2.99,3.2,2.85,2.95,666737,1.0,1.0,0.274725275,CANG,-,-,-,-,-
2022-05-02 00:00:00+00:00,19.29,20.49,19.03,20.0,94014,19.29,20.49,19.03,20.0,94014,0.525,1.0,0.025228256,CAPL,2022-04-21 19:20:00,AMC,https://www.stockwatch.com/News/Item/U-z8526672-U!CAPL-20220421/U/CAPL,https://www.stockwatch.com/Quote/Fundamentals?U:CAPL,CrossAmerica Partners LP Maintains Quarterly Distribution
2022-04-25 00:00:00+00:00,13.4,13.58,13.06,13.39,290203,13.4,13.58,13.06,13.39,290203,0.4898658,1.0,0.035471818,CCU,-,-,-,-,-
2022-05-19 00:00:00+00:00,1.08,1.1187,1.0,1.035,33801,1.08,1.1187,1.0,1.035,33801,0.05,1.0,0.046728972,CELTF,-,-,-,-,-
2022-05-05 00:00:00+00:00,9.74,9.777,9.63,9.72,149822,9.74,9.777,9.63,9.72,149822,0.2111,1.0,0.021496945,CEQP-P,2022-04-14 19:15:00,AMC,https://www.stockwatch.com/News/Item/U-b20220414005720-U!CEQP-20220414/U/CEQP,https://www.stockwatch.com/Quote/Fundamentals?U:CEQP-P,Crestwood Increases Quarterly Distribution and Schedules First Quarter 2022 Earnings Release Date
2022-05-05 00:00:00+00:00,29.9,30.4,29.16,30.0,490361,29.9,30.4,29.16,30.0,490361,0.655,1.0,0.0211495,CEQP,2022-04-14 19:15:00,AMC,https://www.stockwatch.com/News/Item/U-b20220414005720-U!CEQP-20220414/U/CEQP,https://www.stockwatch.com/Quote/Fundamentals?U:CEQP,Crestwood Increases Quarterly Distribution and Schedules First Quarter 2022 Earnings Release Date
2022-05-18 00:00:00+00:00,86.63,88.4299,85.53,87.71,1850956,86.63,88.4299,85.53,87.71,1850956,2.34,1.0,0.025862069,CHK,-,-,-,-,-
2022-05-19 00:00:00+00:00,1.3,1.39,1.18,1.39,135181,1.3,1.39,1.18,1.39,135181,0.054,1.0,0.039130435,CHKR,2022-05-04 19:15:00,AMC,https://www.stockwatch.com/News/Item/U-b20220504006138-U!CHKR-20220504/U/CHKR,https://www.stockwatch.com/Quote/Fundamentals?U:CHKR,Chesapeake Granite Wash Trust Announces Distribution of $0.0540 Per Common Unit
2022-05-02 00:00:00+00:00,2.65,2.7999,2.615,2.77,9607531,2.038461539,2.153769231,2.011538462,2.130769231,12489790,0.129255,1.3,0.042658416,CIG,-,-,-,-,-
2022-05-31 00:00:00+00:00,23.5,23.54,23.15,23.44,34360,23.5,23.54,23.15,23.44,34360,0.5,1.0,0.021186441,CIM-P-A,-,-,-,-,-
2022-05-31 00:00:00+00:00,23.56,23.57,22.91,23.16,49706,23.56,23.57,22.91,23.16,49706,0.5,1.0,0.021258503,CIM-P-B,-,-,-,-,-
2022-05-31 00:00:00+00:00,21.99,21.99,21.32,21.4,37500,21.99,21.99,21.32,21.4,37500,0.484375,1.0,0.022208849,CIM-P-C,-,-,-,-,-
2022-05-31 00:00:00+00:00,22.98,22.98,22.24,22.66,47922,22.98,22.98,22.24,22.66,47922,0.5,1.0,0.022104332,CIM-P-D,-,-,-,-,-
2022-05-31 00:00:00+00:00,10.99,11.27,10.81,11.27,173077,10.99,11.27,10.81,11.27,173077,0.28,1.0,0.024496938,CION,-,-,-,-,-
2022-05-24 00:00:00+00:00,6.76,6.86,6.66,6.66,125726,6.76,6.86,6.66,6.66,125726,0.237833,1.0,0.033450492,CKHUY,-,-,-,-,-
2022-04-18 00:00:00+00:00,15.93,16.03,15.01,15.27,1361150,15.93,16.03,15.01,15.27,1361150,0.5,1.0,0.031426776,CMRE,2022-04-01 12:20:00,DAY,https://www.stockwatch.com/News/Item/U-z8514628-U!CMRE-20220401/U/CMRE,https://www.stockwatch.com/Quote/Fundamentals?U:CMRE,Costamare Inc. Declares Special and Quarterly Dividend on its Common Stock and Quarterly Dividend on its Preferred Stock
2022-06-02 00:00:00+00:00,12.18,12.18,11.9,11.95,157135,12.18,12.18,11.9,11.95,157135,0.359838,1.0,0.03072912,CODYY,-,-,-,-,-
2022-04-22 00:00:00+00:00,22.41,22.64,22.37,22.64,52962,22.41,22.64,22.37,22.64,52962,1.875049,1.0,0.075774864,COVTY,-,-,-,-,-
2022-05-31 00:00:00+00:00,11.12,11.18,11.09,11.18,55779,11.12,11.18,11.09,11.18,55779,1.128,1.0,0.094393305,CRARF,-,-,-,-,-
2022-05-26 00:00:00+00:00,5.67,5.69,5.45,5.45,427304,5.67,5.69,5.45,5.45,427304,0.553565,1.0,0.093665821,CRARY,-,-,-,-,-
2022-05-09 00:00:00+00:00,13.6,13.91,13.24,13.9,253894,13.6,13.91,13.24,13.9,253894,0.3444104,1.0,0.023605922,CSAN,-,-,-,-,-
2022-05-12 00:00:00+00:00,29.07,29.26,28.18,28.81,8705476,29.07,29.26,28.18,28.81,8705476,0.6,1.0,0.020283976,CTRA,2022-05-02 19:07:00,AMC,https://www.stockwatch.com/News/Item/U-prLA42537-U!CTRA-20220502/U/CTRA,https://www.stockwatch.com/Quote/Fundamentals?U:CTRA,"Coterra Energy Reports First-Quarter 2022 Results, Announces Quarterly Dividend and Provides Update on Share Repurchase Program"
2022-05-02 00:00:00+00:00,6.59,6.622,6.5,6.6,623125,6.59,6.622,6.5,6.6,623125,0.170238,1.0,0.024888596,CTTAY,-,-,-,-,-
2022-05-06 00:00:00+00:00,11.565,11.6425,11.46,11.4601,432737,11.565,11.6425,11.46,11.4601,432737,0.4187024,1.0,0.035155533,DANOY,-,-,-,-,-
2022-05-20 00:00:00+00:00,9.91,9.97,9.685,9.94,3941220,9.91,9.97,9.685,9.94,3941220,0.212,1.0,0.020990099,DB,-,-,-,-,-
2022-05-19 00:00:00+00:00,16.77,16.87,16.44,16.54,104140,16.77,16.87,16.44,16.54,104140,0.352224,1.0,0.020866351,DBOEY,-,-,-,-,-
2022-05-02 00:00:00+00:00,65.79,66.28,64.99,64.99,41140,65.79,66.28,64.99,64.99,41140,5.275,1.0,0.076283442,DDAIF,-,-,-,-,-
2022-04-13 00:00:00+00:00,16.09,16.78,15.81,16.5,64393,16.09,16.78,15.81,16.5,64393,0.3515625,1.0,0.020926339,DHCNI,-,-,-,-,-
2022-04-29 00:00:00+00:00,26.11,26.7999,25.75,26.68,87029,26.11,26.7999,25.75,26.68,87029,0.753926,1.0,0.027485454,DMLP,2022-04-21 16:00:00,AMC,https://www.stockwatch.com/News/Item/U-z8526703-U!DMLP-20220421/U/DMLP,https://www.stockwatch.com/Quote/Fundamentals?U:DMLP,"Dorchester Minerals, L.P. Announces Its First Quarter Distribution"
2022-05-02 00:00:00+00:00,16.33,16.49,16.1436,16.34,199197,16.33,16.49,16.1436,16.34,199197,0.96573,1.0,0.05532684,DMLRY,-,-,-,-,-
2022-04-27 00:00:00+00:00,20.16,20.3399,19.59,20.3399,115921,20.16,20.3399,19.59,20.3399,115921,1.0916358,1.0,0.050451106,DNBBY,-,-,-,-,-
2022-05-09 00:00:00+00:00,38.47,38.81,38.03,38.48,161726,38.47,38.81,38.03,38.48,161726,1.439733,1.0,0.034600649,DPSGY,-,-,-,-,-
2022-04-08 00:00:00+00:00,18.6,18.61,18.4,18.43,166961,18.6,18.61,18.4,18.43,166961,0.700371,1.0,0.036458667,DTEGY,-,-,-,-,-
2022-05-23 00:00:00+00:00,29.25,29.39,28.77,29.11,677947,29.25,29.39,28.77,29.11,677947,0.935594,1.0,0.032106863,E,-,-,-,-,-
2022-05-23 00:00:00+00:00,15.675,15.92,15.43,15.4401,159198,15.675,15.92,15.43,15.4401,159198,0.84196,1.0,0.053902689,EBKDY,-,-,-,-,-
2022-05-04 00:00:00+00:00,8.2,8.2,7.43,7.43,94063,8.2,8.2,7.43,7.43,94063,0.314352,1.0,0.040771984,EBR-B,-,-,-,-,-
2022-04-19 00:00:00+00:00,17.86,17.98,17.57,17.9,1225558,17.86,17.98,17.57,17.9,1225558,1.490916,1.0,0.077089762,EC,2022-03-31 00:58:00,BMO,https://www.stockwatch.com/News/Item/U-prIN09705-U!EC-20220330/U/EC,https://www.stockwatch.com/Quote/Fundamentals?U:EC,Ecopetrol S.A.: Profit Distribution for Fiscal Year 2021
2022-05-20 00:00:00+00:00,1.71,1.78,1.7,1.78,46391,1.71,1.78,1.7,1.78,46391,0.059082,1.0,0.034151445,ECIFY,-,-,-,-,-
2022-05-19 00:00:00+00:00,2.3,2.365,2.25,2.36,94707,2.3,2.365,2.25,2.36,94707,0.094,1.0,0.040274207,ECTM,2022-05-10 19:15:00,AMC,https://www.stockwatch.com/News/Item/U-b20220510006224-U!ECTM-20220510/U/ECTM,https://www.stockwatch.com/Quote/Fundamentals?U:ECTM,ECA Marcellus Trust I Announces Quarterly Distribution
2022-05-13 00:00:00+00:00,63.78,65.24,61.25,61.25,526527,63.78,65.24,61.25,61.25,526527,2.0,1.0,0.032133676,EGLE,-,-,-,-,-
2022-05-31 00:00:00+00:00,41.41,41.54,40.63,41.05,191250,41.41,41.54,40.63,41.05,191250,1.0,1.0,0.023584906,EIG,2022-04-27 19:05:00,AMC,https://www.stockwatch.com/News/Item/U-b20220427005901-U!EIG-20220427/U/EIG,https://www.stockwatch.com/Quote/Fundamentals?U:EIG,"Employers Holdings, Inc. Reports First Quarter 2022 Results; Declares Special Dividend of $1.00 per Share and Increases Regular Quarterly Dividend to $0.26 per Share"
2022-05-02 00:00:00+00:00,6.44,6.64,6.375,6.62,1317256,6.44,6.64,6.375,6.62,1317256,0.537294,1.0,0.074007438,ELP,-,-,-,-,-
2022-04-25 00:00:00+00:00,12.52,12.58,12.36,12.36,403705,12.52,12.58,12.36,12.36,403705,0.96543,1.0,0.07397931,ENGIY,-,-,-,-,-
2022-05-13 00:00:00+00:00,10.32,10.46,10.17,10.245,69020,10.32,10.46,10.17,10.245,69020,0.516019,1.0,0.049856908,EONGY,-,-,-,-,-
2022-04-21 00:00:00+00:00,26.77,28.61,26.37,28.16,723041,26.77,28.61,26.37,28.16,723041,3.3,1.0,0.105566219,EWCZ,2022-04-11 20:51:00,AMC,https://www.stockwatch.com/News/Item/U-z8520470-U!EWCZ-20220411/U/EWCZ,https://www.stockwatch.com/Quote/Fundamentals?U:EWCZ,"European Wax Center, Inc. Announces Special Cash Dividend"
2022-05-11 00:00:00+00:00,125.27,133.13,125.0,129.08,2705646,125.27,133.13,125.0,129.08,2705646,3.05,1.0,0.02349045,FANG,2022-05-02 19:01:00,AMC,https://www.stockwatch.com/News/Item/U-z8533555-U!FANG-20220502/U/FANG,https://www.stockwatch.com/Quote/Fundamentals?U:FANG,"Diamondback Energy, Inc. Announces First Quarter 2022 Financial and Operating Results; Increases Dividend"
2022-05-13 00:00:00+00:00,6.72,6.8389,5.9,5.9,49800,6.72,6.8389,5.9,5.9,49800,0.13,1.0,0.021666667,FAT,2022-04-18 09:00:00,BMO,https://www.stockwatch.com/News/Item/U-z8523638-U!FAT-20220418/U/FAT,https://www.stockwatch.com/Quote/Fundamentals?U:FAT,FAT Brands Inc. Announces Second Quarter Cash Dividend on Class A Common Stock and Class B Common Stock
2022-04-12 00:00:00+00:00,3.84,3.85,3.72,3.8,754182,3.84,3.85,3.72,3.8,754182,0.205,1.0,0.054376658,FINV,2022-03-14 21:31:00,AMC,https://www.stockwatch.com/News/Item/U-prCN90668-U!FINV-20220314/U/FINV,https://www.stockwatch.com/Quote/Fundamentals?U:FINV,"FinVolution Group Announces Dividend of US$ 0.205 per American Depositary Share, Representing Approximately 15% Payout Ratio of Net Income for Fiscal Year 2021"
2022-05-17 00:00:00+00:00,7.08,7.2099,6.9155,7.13,817107,7.08,7.2099,6.9155,7.13,817107,0.18,1.0,0.024657534,FLMN,2022-05-04 19:15:00,AMC,https://www.stockwatch.com/News/Item/U-b20220504006090-U!FLMN-20220504/U/FLMN,https://www.stockwatch.com/Quote/Fundamentals?U:FLMN,Falcon Minerals Corporation Reports First Quarter 2022 Production and Declares Quarterly Dividend Increase of 24%
2022-05-24 00:00:00+00:00,26.54,27.0,26.19,26.71,309287,26.54,27.0,26.19,26.71,309287,0.75,1.0,0.026661927,FLNG,-,-,-,-,-
2022-05-13 00:00:00+00:00,29.21,29.45,28.91,28.91,486000,29.21,29.45,28.91,28.91,486000,0.70929,1.0,0.024043729,FMS,-,-,-,-,-
2022-05-04 00:00:00+00:00,7.63,7.67,7.45,7.46,93049,7.63,7.67,7.45,7.46,93049,0.181632,1.0,0.024153191,FUPBY,-,-,-,-,-
2022-06-02 00:00:00+00:00,13.91,13.94,13.72,13.9,975733,13.91,13.94,13.72,13.9,975733,0.3,1.0,0.021141649,GBDC,2022-05-10 19:10:00,AMC,https://www.stockwatch.com/News/Item/U-prNY52889-U!GBDC-20220510/U/GBDC,https://www.stockwatch.com/Quote/Fundamentals?U:GBDC,"Golub Capital BDC, Inc. Announces Fiscal Year 2022 Second Quarter Financial Results and Declares Fiscal Year 2022 Third Quarter Distribution of $0.30 Per Share"
2022-04-19 00:00:00+00:00,57.7,57.7,57.45,57.53,28569,57.7,57.7,57.45,57.53,28569,1.328043,1.0,0.022538236,GBERY,-,-,-,-,-
2022-06-01 00:00:00+00:00,31.81,33.74,31.75,33.74,26320,31.81,33.74,31.75,33.74,26320,1.530891,1.0,0.045159027,GBOOY,-,-,-,-,-
2022-05-13 00:00:00+00:00,9.07,9.2,8.81,8.81,713557,9.07,9.2,8.81,8.81,713557,0.360173,1.0,0.03966663,GGAL,-,-,-,-,-
2022-05-17 00:00:00+00:00,5.63,5.72,5.565,5.65,10874424,5.63,5.72,5.565,5.65,10874424,0.1159974,1.0,0.020900432,GGB,-,-,-,-,-
2022-05-06 00:00:00+00:00,26.26,27.05,25.93,26.68,110609,26.26,27.05,25.93,26.68,110609,0.595,1.0,0.021963824,GLP,2022-04-26 11:30:00,DAY,https://www.stockwatch.com/News/Item/U-b20220425006001-U!GLP-20220426/U/GLP,https://www.stockwatch.com/Quote/Fundamentals?U:GLP,Global Partners Declares First-Quarter 2022 Cash Distribution of $0.5950 on Common Units
2022-05-11 00:00:00+00:00,5.43,5.688,5.43,5.4601,28239,5.43,5.688,5.43,5.4601,28239,0.13155,1.0,0.023831522,GLPEY,-,-,-,-,-
2022-05-13 00:00:00+00:00,20.83,21.56,20.811,20.95,1154939,20.83,21.56,20.811,20.95,1154939,0.79,1.0,0.036933146,GNK,-,-,-,-,-
2022-04-08 00:00:00+00:00,15.07,15.38,14.71,15.25,1860735,15.07,15.38,14.71,15.25,1860735,0.4,1.0,0.025412961,GNL,2022-04-01 09:00:00,BMO,https://www.stockwatch.com/News/Item/U-prNY00888-U!GNL-20220401/U/GNL,https://www.stockwatch.com/Quote/Fundamentals?U:GNL,"Global Net Lease, Inc. Announces Common Stock Dividend for Second Quarter 2022"
2022-05-31 00:00:00+00:00,14.76,15.34,14.51,15.13,5288164,14.76,15.34,14.51,15.13,5288164,0.5,1.0,0.031545741,GOGL,-,-,-,-,-
2022-05-05 00:00:00+00:00,13.38,14.02,13.38,13.88,241391,13.38,14.02,13.38,13.88,241391,0.445,1.0,0.030732044,GPP,2022-04-21 19:10:00,AMC,https://www.stockwatch.com/News/Item/U-z8526844-U!GPP-20220421/U/GPP,https://www.stockwatch.com/Quote/Fundamentals?U:GPP,Green Plains Partners Increases Quarterly Distribution
2022-04-28 00:00:00+00:00,0.045,0.05,0.0415,0.042,189357,0.045,0.05,0.0415,0.042,189357,0.001121,1.0,0.026908305,GULTU,-,-,-,-,-
2022-05-09 00:00:00+00:00,8.96,9.1,8.94,9.04,206843,8.96,9.1,8.94,9.04,206843,0.414794,1.0,0.043388494,HCMLY,-,-,-,-,-
2022-05-13 00:00:00+00:00,10.8099,10.87,10.7,10.76,98567,10.8099,10.87,10.7,10.76,98567,0.52032,1.0,0.048537313,HDELY,-,-,-,-,-
2022-04-05 00:00:00+00:00,15.97,16.06,15.82,15.99,166827,15.97,16.06,15.82,15.99,166827,0.504714,1.0,0.030441134,HENKY,-,-,-,-,-
2022-04-05 00:00:00+00:00,16.15,16.37,16.06,16.37,91659,16.15,16.37,16.06,16.37,91659,0.51023,1.0,0.030226896,HENOY,-,-,-,-,-
2022-04-29 00:00:00+00:00,9.58,9.71,9.53,9.71,44428,9.58,9.71,9.53,9.71,44428,0.382228,1.0,0.036472137,HLPPY,-,-,-,-,-
2022-05-05 00:00:00+00:00,2.42,2.49,2.33,2.49,298816,2.42,2.49,2.33,2.49,298816,0.068799,1.0,0.02708622,HNNMY,-,-,-,-,-
2022-05-16 00:00:00+00:00,15.11,15.24,14.885,14.99,1955003,15.11,15.24,14.885,14.99,1955003,0.48,1.0,0.031578947,HTGC,2022-05-03 09:03:00,BMO,https://www.stockwatch.com/News/Item/U-b20220503005202-U!HTGC-20220503/U/HTGC,https://www.stockwatch.com/Quote/Fundamentals?U:HTGC,Hercules Capital Announces Supplemental Cash Distribution of $0.15 per Share for the First Quarter of 2022
2022-05-31 00:00:00+00:00,10.98,11.165,10.86,11.0,1828504,10.98,11.165,10.86,11.0,1828504,0.23832,1.0,0.020905263,ICL,-,-,-,-,-
2022-04-28 00:00:00+00:00,10.64,10.6675,10.46,10.54,499519,10.64,10.6675,10.46,10.54,499519,0.253541,1.0,0.023762043,IDEXY,-,-,-,-,-
2022-05-19 00:00:00+00:00,51.51,52.3,51.1773,52.3,1173779,51.51,52.3,51.1773,52.3,1173779,2.0,1.0,0.036683786,IEP,-,-,-,-,-
2022-04-27 00:00:00+00:00,28.34,28.88,27.22,28.14,64285,28.34,28.88,27.22,28.14,64285,1.75,1.0,0.058197539,IFS,-,-,-,-,-
2022-04-27 00:00:00+00:00,9.39,9.54,9.32,9.45,10095099,9.158466416,9.304767796,9.090192438,9.216986968,10095099,0.4525088,1.0,0.046174367,ING,-,-,-,-,-
2022-05-13 00:00:00+00:00,9.7,9.755,9.535,9.55,9920384,9.7,9.755,9.535,9.55,9920384,0.245224,1.0,0.026059936,ING,-,-,-,-,-
2022-05-23 00:00:00+00:00,12.64,12.71,12.42,12.46,557175,12.64,12.71,12.42,12.46,557175,0.504928,1.0,0.040621395,ISNPY,-,-,-,-,-
2022-04-07 00:00:00+00:00,2.01,2.11,2.0,2.09,12706198,2.01,2.11,2.0,2.09,12706198,0.09,1.0,0.041666667,IVR,2022-03-28 19:15:00,AMC,https://www.stockwatch.com/News/Item/U-prNY05862-U!IVR-20220328/U/IVR,https://www.stockwatch.com/Quote/Fundamentals?U:IVR,Invesco Mortgage Capital Inc. Announces Quarterly Common Dividend
2022-04-18 00:00:00+00:00,10.49,10.64,10.34,10.3401,66894,10.49,10.64,10.34,10.3401,66894,0.326193,1.0,0.029653909,JBAXY,-,-,-,-,-
2022-05-20 00:00:00+00:00,14.38,14.41,14.15,14.17,152092,14.38,14.41,14.15,14.17,152092,0.386622,1.0,0.026979902,JBSAY,-,-,-,-,-
2022-05-19 00:00:00+00:00,52.78,53.6364,51.01,51.09,13828436,52.78,53.6364,51.01,51.09,13828436,1.26,1.0,0.024609375,JD,2022-05-04 09:00:00,BMO,https://www.stockwatch.com/News/Item/U-z8535012-U!JD-20220504/U/JD,https://www.stockwatch.com/Quote/Fundamentals?U:JD,JD.com Announces Special Cash Dividend
2022-05-10 00:00:00+00:00,28.6075,29.6599,28.37,29.6599,176088,28.6075,29.6599,28.37,29.6599,176088,2.780426,1.0,0.084820805,KBCSY,-,-,-,-,-
2022-05-19 00:00:00+00:00,3.05,3.06,3.05,3.05,161898,3.05,3.06,3.05,3.05,161898,0.106,1.0,0.035690236,KGFHF,-,-,-,-,-
2022-05-19 00:00:00+00:00,6.23,6.27,5.99,5.99,2147464,6.23,6.27,5.99,5.99,2147464,0.226008,1.0,0.036630146,KGFHY,-,-,-,-,-
2022-05-12 00:00:00+00:00,11.31,11.755,11.25,11.37,81189,11.31,11.755,11.25,11.37,81189,0.258321,1.0,0.021278501,KIGRY,-,-,-,-,-
2022-04-18 00:00:00+00:00,3.76,3.887,3.731,3.77,584302,3.76,3.887,3.731,3.77,584302,0.098221,1.0,0.026053316,KKPNF,-,-,-,-,-
2022-04-19 00:00:00+00:00,3.67,3.75,3.63,3.63,1922867,3.67,3.75,3.63,3.63,1922867,0.102204,1.0,0.026685117,KKPNY,-,-,-,-,-
2022-04-27 00:00:00+00:00,16.72,17.1599,16.68,16.92,198425,16.72,17.1599,16.68,16.92,198425,0.52,1.0,0.029885057,KNOP,2022-04-13 19:30:00,AMC,https://www.stockwatch.com/News/Item/U-b20220413005638-U!KNOP-20220413/U/KNOP,https://www.stockwatch.com/Quote/Fundamentals?U:KNOP,KNOT Offshore Partners LP Announces First Quarter 2022 Cash Distribution
2022-05-25 00:00:00+00:00,16.73,16.78,16.42,16.42,40756,16.73,16.78,16.42,16.42,40756,0.4973009,1.0,0.029003902,KNRRY,-,-,-,-,-
2022-05-04 00:00:00+00:00,73.0,73.53,70.52,72.73,96065,73.0,73.53,70.52,72.73,96065,1.5,1.0,0.020402612,KNTK,2022-04-21 10:01:00,DAY,https://www.stockwatch.com/News/Item/U-z8526088-U!KNTK-20220421/U/KNTK,https://www.stockwatch.com/Quote/Fundamentals?U:KNTK,"Kinetik Announces First Quarter Dividend, First Quarter 2022 Results Timing and Details of its Dividend Reinvestment Plan"
2022-04-29 00:00:00+00:00,54.6,55.16,53.84,53.88,180298,54.6,55.16,53.84,53.88,180298,1.352812,1.0,0.024543033,KOF,-,-,-,-,-
2022-04-29 00:00:00+00:00,16.83,17.28,16.7,16.81,355202,16.83,17.28,16.7,16.81,355202,0.47,1.0,0.027214823,KRP,2022-04-22 20:26:00,AMC,https://www.stockwatch.com/News/Item/U-prDA33985-U!KRP-20220422/U/KRP,https://www.stockwatch.com/Quote/Fundamentals?U:KRP,Kimbell Royalty Partners Declares First Quarter 2022 Distribution
2022-04-21 00:00:00+00:00,17.69,17.86,17.615,17.85,29101,17.69,17.86,17.615,17.85,29101,0.822349,1.0,0.044022966,LGGNY,-,-,-,-,-
2022-05-26 00:00:00+00:00,16.83,17.1567,16.78,16.78,337753,16.83,17.1567,16.78,16.78,337753,0.347955,1.0,0.020159618,LGRDY,-,-,-,-,-
2022-04-14 00:00:00+00:00,6.9,7.08,6.71,6.94,646696,6.9,7.08,6.71,6.94,646696,0.423742,1.0,0.053034043,LND,-,-,-,-,-
2022-04-07 00:00:00+00:00,5.92,6.1638,5.7501,5.98,45880,5.92,6.1638,5.7501,5.98,45880,0.125,1.0,0.020292208,LOAN,2022-02-09 10:00:00,DAY,https://www.stockwatch.com/News/Item/U-z8471788-U!LOAN-20220209/U/LOAN,https://www.stockwatch.com/Quote/Fundamentals?U:LOAN,"Manhattan Bridge Capital, Inc. Declares Quarterly Dividend"
2022-04-22 00:00:00+00:00,5.76,5.91,5.72,5.83,163600,5.76,5.91,5.72,5.83,163600,0.383512,1.0,0.062056958,LOMA,2022-04-14 19:46:00,AMC,https://www.stockwatch.com/News/Item/U-b20220414005877-U!LOMA-20220414/U/LOMA,https://www.stockwatch.com/Quote/Fundamentals?U:LOMA,Loma Negra Announces the Payment of Dividends
2022-05-13 00:00:00+00:00,15.36,15.87,14.9,15.51,1162981,15.36,15.87,14.9,15.51,1162981,2.5,1.0,0.141003948,LPG,2022-05-04 19:30:00,AMC,https://www.stockwatch.com/News/Item/U-prNY46901-U!LPG-20220504/U/LPG,https://www.stockwatch.com/Quote/Fundamentals?U:LPG,Dorian LPG Ltd. Declares Cash Dividend of $2.50 per share
2022-04-07 00:00:00+00:00,5.45,5.61,5.26,5.61,9745546,5.45,5.61,5.26,5.61,9745546,0.34,1.0,0.057142857,LU,-,-,-,-,-
2022-05-16 00:00:00+00:00,1.82,1.86,1.77,1.86,428811,1.82,1.86,1.77,1.86,428811,0.2,1.0,0.102564103,LUB,2022-05-05 22:24:00,AMC,https://www.stockwatch.com/News/Item/U-prDA48810-U!LUB-20220505/U/LUB,https://www.stockwatch.com/Quote/Fundamentals?U:LUB,"Luby's, Inc. to Issue a $0.20 Per Share Cash Liquidating Distribution"
2022-05-27 00:00:00+00:00,12.5,12.54,12.04,12.08,12034716,12.5,12.54,12.04,12.08,12034716,0.25,1.0,0.020325203,LUMN,2022-05-19 19:15:00,AMC,https://www.stockwatch.com/News/Item/U-prNY62035-U!LUMN-20220519/U/LUMN,https://www.stockwatch.com/Quote/Fundamentals?U:LUMN,Lumen Technologies declares quarterly cash dividend
2022-04-07 00:00:00+00:00,2.3,2.32,2.27,2.31,16456888,2.3,2.32,2.27,2.31,16456888,0.069633,1.0,0.030014224,LYG,-,-,-,-,-
2022-05-27 00:00:00+00:00,7.7,8.152,7.21,7.63,220698,7.7,8.152,7.21,7.63,220698,0.1975,1.0,0.025191327,MARPS,2022-05-20 12:30:00,DAY,https://www.stockwatch.com/News/Item/U-prDA63485-U!MARP-20220520/U/MARP,https://www.stockwatch.com/Quote/Fundamentals?U:MARPS,MARINE PETROLEUM TRUST ANNOUNCES SECOND QUARTER CASH DISTRIBUTION
2022-05-13 00:00:00+00:00,24.3299,24.33,23.9401,23.9401,112791,24.3299,24.33,23.9401,23.9401,112791,0.99108,1.0,0.040818781,MGDDY,-,-,-,-,-
2022-04-29 00:00:00+00:00,48.45,50.48,48.1,50.0,1671149,48.45,50.48,48.1,50.0,1671149,1.0375,1.0,0.020307301,MMP,2022-04-21 19:15:00,AMC,https://www.stockwatch.com/News/Item/U-prDA32272-U!MMP-20220421/U/MMP,https://www.stockwatch.com/Quote/Fundamentals?U:MMP,Magellan Midstream Declares Cash Distribution of $1.0375 for First Quarter 2022
2022-05-19 00:00:00+00:00,26.44,26.98,25.99,25.99,354468,26.44,26.98,25.99,25.99,354468,0.6,1.0,0.022271715,MNRL,-,-,-,-,-
2022-04-12 00:00:00+00:00,5.08,5.35,5.02,5.04,3711135,5.08,5.35,5.02,5.04,3711135,0.64,1.0,0.114901257,MOMO,-,-,-,-,-
2022-05-05 00:00:00+00:00,32.39,33.32,31.82,33.24,2727049,32.39,33.32,31.82,33.24,2727049,0.705,1.0,0.020656314,MPLX,2022-04-26 16:40:00,AMC,https://www.stockwatch.com/News/Item/U-prCL37157-U!MPLX-20220426/U/MPLX,https://www.stockwatch.com/Quote/Fundamentals?U:MPLX,MPLX LP Announces Quarterly Distribution
2022-04-28 00:00:00+00:00,24.54,24.8982,22.5,23.14,142538,24.54,24.8982,22.5,23.14,142538,1.04,1.0,0.039800995,MSB,-,-,-,-,-
2022-04-29 00:00:00+00:00,23.65,24.24,23.64,24.2371,200634,23.65,24.24,23.64,24.2371,200634,0.839428,1.0,0.032918745,MURGY,-,-,-,-,-
2022-04-14 00:00:00+00:00,11.0,11.2299,10.75,10.86,102870,11.0,11.2299,10.75,10.86,102870,0.425,1.0,0.036764706,MVO,2022-04-05 19:30:00,AMC,https://www.stockwatch.com/News/Item/U-b20220405006132-U!MVO-20220405/U/MVO,https://www.stockwatch.com/Quote/Fundamentals?U:MVO,MV Oil Trust Announces Trust First Quarter Distribution
2022-05-13 00:00:00+00:00,10.97,10.97,10.36,10.36,158159,10.97,10.97,10.36,10.36,158159,0.260978,1.0,0.024088795,NABZY,-,-,-,-,-
2022-05-20 00:00:00+00:00,1.27,1.37,1.24,1.31,4478759,1.27,1.37,1.24,1.31,4478759,0.03,1.0,0.022556391,NCMI,-,-,-,-,-
2022-05-16 00:00:00+00:00,7.02,7.188,7.0,7.05,39005,7.02,7.188,7.0,7.05,39005,0.2,1.0,0.027777778,NHTC,-,-,-,-,-
2022-05-11 00:00:00+00:00,6.87,7.085,6.84,7.07,206258,6.87,7.085,6.84,7.07,206258,0.5884711,1.0,0.080064095,NHYDY,2022-05-11 05:01:00,BMO,https://www.stockwatch.com/News/Item/U-z1000632597-U!NHYDY-20220510/U/NHYDY,https://www.stockwatch.com/Quote/Fundamentals?U:NHYDY,Norsk Hydro: Ex-dividend NOK 5.40 today
2022-05-10 00:00:00+00:00,7.4,7.4,7.4,7.4,622969,7.339994208,7.339994208,7.339994208,7.339994208,622969,0.559086,1.0,0.074944504,NHYKF,-,-,-,-,-
2022-05-23 00:00:00+00:00,24.56,24.84,24.3225,24.375,54970,24.56,24.84,24.3225,24.375,54970,0.847548,1.0,0.034147784,NNGRY,-,-,-,-,-
2022-05-12 00:00:00+00:00,15.89,17.285,15.7901,16.58,51798,15.89,17.285,15.7901,16.58,51798,0.38,1.0,0.022041763,NRT,2022-04-29 19:16:00,AMC,https://www.stockwatch.com/News/Item/U-prPH41441-U!NRT-20220429/U/NRT,https://www.stockwatch.com/Quote/Fundamentals?U:NRT,NORTH EUROPEAN OIL ROYALTY TRUST ANNOUNCES THE DISTRIBUTION FOR THE SECOND QUARTER OF FISCAL 2022
2022-05-31 00:00:00+00:00,21.0,21.0,20.25,20.25,42795,21.0,21.0,20.25,20.25,42795,0.47657,1.0,0.02283517,NS-P-B,-,-,-,-,-
2022-05-31 00:00:00+00:00,24.89,24.89,24.45,24.45,38197,24.89,24.89,24.45,24.45,38197,0.5625,1.0,0.022718094,NS-P-C,-,-,-,-,-
2022-05-06 00:00:00+00:00,15.11,15.14,14.3,14.55,844905,15.11,15.14,14.3,14.55,844905,0.4,1.0,0.026684456,NS,2022-04-28 22:23:00,AMC,https://www.stockwatch.com/News/Item/U-b20220428006364-U!NS-20220428/U/NS,https://www.stockwatch.com/Quote/Fundamentals?U:NS,"NuStar Energy L.P. Declares First Quarter 2022 Common Unit Distribution and Series A, Series B and Series C Preferred Units Distributions"
2022-04-11 00:00:00+00:00,132.38,133.4,132.12,132.44,224927,132.38,133.4,132.12,132.44,224927,2.967337,1.0,0.022464509,NSRGY,-,-,-,-,-
2022-05-13 00:00:00+00:00,47.43,47.76,46.0101,46.62,40403,47.43,47.76,46.0101,46.62,40403,1.0,1.0,0.021258503,NVEC,-,-,-,-,-
2022-04-29 00:00:00+00:00,25.48,26.54,25.41,26.47,5793007,25.48,26.54,25.41,26.47,5793007,0.67,1.0,0.024732374,OHI,2022-04-21 19:30:00,AMC,https://www.stockwatch.com/News/Item/U-b20220421006044-U!OHI-20220421/U/OHI,https://www.stockwatch.com/Quote/Fundamentals?U:OHI,Omega Announces Quarterly Dividend
2022-05-20 00:00:00+00:00,56.12,57.01,55.41,56.54,26851,56.12,57.01,55.41,56.54,26851,1.8535545,1.0,0.031974375,OMAB,-,-,-,-,-
2022-04-22 00:00:00+00:00,23.66,24.43,23.61,24.25,344032,23.66,24.43,23.61,24.25,344032,0.55,1.0,0.022070626,OPI,2022-04-14 11:00:00,DAY,https://www.stockwatch.com/News/Item/U-b20220413006047-U!OPI-20220414/U/OPI,https://www.stockwatch.com/Quote/Fundamentals?U:OPI,Office Properties Income Trust Announces Quarterly Dividend on Common Shares
2022-04-21 00:00:00+00:00,8.41,8.6699,8.4,8.6699,69072,8.41,8.6699,8.4,8.6699,69072,0.346168,1.0,0.038851627,ORKLY,-,-,-,-,-
2022-05-05 00:00:00+00:00,17.54,17.71,17.21,17.45,60519,17.54,17.71,17.21,17.45,60519,0.366612,1.0,0.020165677,OVCHY,-,-,-,-,-
2022-04-28 00:00:00+00:00,10.7,10.78,10.34,10.59,4184588,10.7,10.78,10.34,10.59,4184588,0.2175,1.0,0.020289179,PAA,2022-04-05 20:00:00,AMC,https://www.stockwatch.com/News/Item/U-z8517032-U!PAA-20220405/U/PAA,https://www.stockwatch.com/Quote/Fundamentals?U:PAA,Plains All American Pipeline and Plains GP Holdings Announce Distributions
2022-05-12 00:00:00+00:00,135.06,136.18,127.54,131.05,44823,135.06,136.18,127.54,131.05,44823,3.522384,1.0,0.026363176,PAC,2022-04-28 21:31:00,AMC,https://www.stockwatch.com/News/Item/U-z8531780-U!PAC-20220428/U/PAC,https://www.stockwatch.com/Quote/Fundamentals?U:PAC,Grupo Aeroportuario del Pacifico Announces the Payment Date of the First Installment of the Dividend Approved at the Ordinary Shareholder's Meeting
2022-05-11 00:00:00+00:00,14.29,14.99,14.24,14.74,112136,14.29,14.99,14.24,14.74,112136,0.3,1.0,0.02020202,PBFX,2022-04-28 09:30:00,DAY,https://www.stockwatch.com/News/Item/U-prNY39416-U!PBFX-20220428/U/PBFX,https://www.stockwatch.com/Quote/Fundamentals?U:PBFX,PBF Logistics Declares Quarterly Distribution of $0.30 per Unit and Announces First Quarter 2022 Earnings Results
2022-04-14 00:00:00+00:00,13.29,13.51,13.175,13.5,20286615,11.9392819,12.13692239,11.83596983,12.12793873,20286615,1.2191133,1.0,0.082763971,PBR-A,-,-,-,-,-
2022-05-24 00:00:00+00:00,12.98,13.3,12.695,13.25,23320015,12.98,13.3,12.695,13.25,23320015,1.4684569,1.0,0.097766771,PBR-A,-,-,-,-,-
2022-04-14 00:00:00+00:00,14.71,14.925,14.53,14.68,42065348,13.33400482,13.5288934,13.17084229,13.30681107,42065348,1.2191133,1.0,0.076385545,PBR,-,-,-,-,-
2022-05-24 00:00:00+00:00,14.23,14.47,13.95,14.39,47042557,14.23,14.47,13.95,14.39,47042557,1.4684569,1.0,0.090311002,PBR,-,-,-,-,-
2022-05-12 00:00:00+00:00,23.3,23.59,23.065,23.22,3355723,23.3,23.59,23.065,23.22,3355723,0.964112,1.0,0.039675391,PHG,2022-05-10 13:47:00,DAY,https://www.stockwatch.com/News/Item/U-z1000632459-U!PHG-20220510/U/PHG,https://www.stockwatch.com/Quote/Fundamentals?U:PHG,Philips Annual General Meeting of Shareholders approves dividend and other proposals made to shareholders
2022-04-13 00:00:00+00:00,15.5,15.5899,15.3,15.43,1137148,15.5,15.5899,15.3,15.43,1137148,0.47,1.0,0.029467085,PMT,2022-03-04 11:30:00,DAY,https://www.stockwatch.com/News/Item/U-b20220303005885-U!PMT-20220304/U/PMT,https://www.stockwatch.com/Quote/Fundamentals?U:PMT,PennyMac Mortgage Investment Trust Declares First Quarter 2022 Dividend for Its Common Shares
2022-05-31 00:00:00+00:00,12.23,12.64,12.23,12.4,550847,12.23,12.64,12.23,12.4,550847,0.45396,1.0,0.036937347,PNGAY,-,-,-,-,-
2022-05-16 00:00:00+00:00,7.786,7.82,7.72,7.77,280243,7.786,7.82,7.72,7.77,280243,0.281036,1.0,0.034976478,POAHY,-,-,-,-,-
2022-05-24 00:00:00+00:00,8.35,8.55,8.23,8.45,56485,8.35,8.55,8.23,8.45,56485,0.3,1.0,0.035419126,PRPH,-,-,-,-,-
2022-05-23 00:00:00+00:00,22.13,22.3509,22.0,22.31,55569,22.13,22.3509,22.0,22.31,55569,0.63,1.0,0.027692308,PTMN,-,-,-,-,-
2022-05-27 00:00:00+00:00,280.0,280.4,269.47,271.28,2522404,280.0,280.4,269.47,271.28,2522404,7.38,1.0,0.026358084,PXD,2022-05-04 19:15:00,AMC,https://www.stockwatch.com/News/Item/U-b20220504006020-U!PXD-20220504/U/PXD,https://www.stockwatch.com/Quote/Fundamentals?U:PXD,Pioneer Natural Resources Declares Second Quarter Dividend on Common Shares
2022-05-27 00:00:00+00:00,67.52,68.0211,66.66,67.01,40988,67.52,68.0211,66.66,67.01,40988,2.0,1.0,0.029069767,QRTEP,2022-05-18 19:15:00,AMC,https://www.stockwatch.com/News/Item/U-b20220518006024-U!QRTE-20220518/U/QRTE,https://www.stockwatch.com/Quote/Fundamentals?U:QRTEP,"Qurate Retail, Inc. Declares Quarterly Cash Dividend on 8.0% Series A Cumulative Redeemable Preferred Stock"
2022-05-10 00:00:00+00:00,47.39,49.305,45.34,48.98,654087,47.39,49.305,45.34,48.98,654087,1.0,1.0,0.020433183,RILY,2022-04-07 19:05:00,AMC,https://www.stockwatch.com/News/Item/U-prLA18032-U!RILY-20220407/U/RILY,https://www.stockwatch.com/Quote/Fundamentals?U:RILY,B. Riley Financial Declares Preferred Stock Dividends
2022-04-08 00:00:00+00:00,7.78,7.85,7.66,7.79,631875,7.78,7.85,7.66,7.79,631875,0.2125,1.0,0.026629073,RTL,2022-04-01 09:00:00,BMO,https://www.stockwatch.com/News/Item/U-prNY00891-U!RTL-20220401/U/RTL,https://www.stockwatch.com/Quote/Fundamentals?U:RTL,The Necessity Retail REIT Announces Common Stock Dividend for Second Quarter 2022
2022-05-12 00:00:00+00:00,12.53,12.8,12.26,12.64,231297,12.53,12.8,12.26,12.64,231297,0.3,1.0,0.023041475,RTLR,-,-,-,-,-
2022-05-11 00:00:00+00:00,1.08,1.3,1.05,1.3,453735,1.08,1.3,1.05,1.3,453735,2.13,1.0,0.676190476,RVIC,2022-04-12 19:07:00,AMC,https://www.stockwatch.com/News/Item/U-b20220412006081-U!RVIC-20220412/U/RVIC,https://www.stockwatch.com/Quote/Fundamentals?U:RVIC,Retail Value Inc. Announces Sale Closing & Special Common Distribution
2022-05-09 00:00:00+00:00,12.9,14.0551,12.79,13.7,70101,12.9,14.0551,12.79,13.7,70101,0.3,1.0,0.021141649,RWAY,2022-04-29 11:30:00,DAY,https://www.stockwatch.com/News/Item/U-z8531648-U!RWAY-20220429/U/RWAY,https://www.stockwatch.com/Quote/Fundamentals?U:RWAY,Runway Growth Announces Second Quarter 2022 Dividend of $0.30
2022-04-08 00:00:00+00:00,4.94,4.9599,4.83,4.87,297469,4.94,4.9599,4.83,4.87,297469,0.12,1.0,0.024144869,SACH,2022-04-01 10:00:00,DAY,https://www.stockwatch.com/News/Item/U-z8514381-U!SACH-20220401/U/SACH,https://www.stockwatch.com/Quote/Fundamentals?U:SACH,Sachem Capital Corp. Announces Dividend of $0.12 Per Share
2022-05-19 00:00:00+00:00,95.35,96.4,93.01,93.2,2220446,95.35,96.4,93.01,93.2,2220446,2.117115,1.0,0.022706081,SAP,-,-,-,-,-
2022-05-19 00:00:00+00:00,22.3,22.4775,22.0,22.1101,82329,22.3,22.4775,22.0,22.1101,82329,2.225685,1.0,0.092736875,SAXPY,-,-,-,-,-
2022-05-17 00:00:00+00:00,27.11,27.29,26.78,27.0301,461386,27.11,27.29,26.78,27.0301,461386,0.610032,1.0,0.023107273,SBGSY,-,-,-,-,-
2022-06-02 00:00:00+00:00,31.25,31.99,30.6801,31.87,3191155,31.25,31.99,30.6801,31.87,3191155,1.65,1.0,0.04954955,SBLK,2022-05-24 20:29:00,AMC,https://www.stockwatch.com/News/Item/U-z8559242-U!SBLK-20220524/U/SBLK,https://www.stockwatch.com/Quote/Fundamentals?U:SBLK,Star Bulk Carriers Corp. Reports Net Profit of $170.4 Million for the First Quarter of 2022 and Declares Quarterly Dividend of $1.65 Per Share
2022-05-13 00:00:00+00:00,12.78,12.8,12.375,12.58,2492108,12.78,12.8,12.375,12.58,2492108,0.3,1.0,0.023328149,SBRA,-,-,-,-,-
2022-04-29 00:00:00+00:00,8.99,9.325,8.975,9.22,1649983,8.99,9.325,8.975,9.22,1649983,0.200412,1.0,0.021480386,SBS,-,-,-,-,-
2022-05-16 00:00:00+00:00,53.93,54.56,53.36,54.15,1759941,53.93,54.56,53.36,54.15,1759941,1.25,1.0,0.022702506,SCCO,-,-,-,-,-
2022-05-23 00:00:00+00:00,5.17,5.22,4.98,5.0,585920,5.17,5.22,4.98,5.0,585920,0.346331,1.0,0.065099812,SCGLY,-,-,-,-,-
2022-05-18 00:00:00+00:00,2.74,3.07,2.74,2.905,42250,2.74,3.07,2.74,2.905,42250,0.195426,1.0,0.066471429,SCRYY,-,-,-,-,-
2022-04-28 00:00:00+00:00,19.035,19.23,18.69,18.9701,166950,19.035,19.23,18.69,18.9701,166950,0.507794,1.0,0.025581562,SDVKY,2022-03-23 15:12:00,DAY,https://www.stockwatch.com/News/Item/U-prIO01607-U!SDVKY-20220323/U/SDVKY,https://www.stockwatch.com/Quote/Fundamentals?U:SDVKY,"Sandvik to propose distribution and listing of SMT to the AGM, announces the planned new name"
2022-05-02 00:00:00+00:00,13.97,14.02,13.78,13.86,1443266,13.97,14.02,13.78,13.86,1443266,0.3,1.0,0.021231423,SHLX,2022-04-21 11:00:00,DAY,https://www.stockwatch.com/News/Item/U-z8526024-U!SHLX-20220421/U/SHLX,https://www.stockwatch.com/Quote/Fundamentals?U:SHLX,"Shell Midstream Partners, L.P. Declares Distribution of $0.30 Per Limited Partner Common Unit"
2022-05-11 00:00:00+00:00,3.51,3.71,3.5,3.58,11466949,3.51,3.71,3.5,3.58,11466949,0.13577,1.0,0.037713889,SID,-,-,-,-,-
2022-05-16 00:00:00+00:00,7.36,7.43,7.11,7.11,220926,7.36,7.43,7.11,7.11,220926,0.45,1.0,0.060321716,SIGA,2022-05-05 10:30:00,DAY,https://www.stockwatch.com/News/Item/U-z8536223-U!SIGA-20220505/U/SIGA,https://www.stockwatch.com/Quote/Fundamentals?U:SIGA,SIGA Declares Special Dividend of $0.45 Per Share
2022-05-09 00:00:00+00:00,18.05,18.4,17.7412,18.4,31428,18.05,18.4,17.7412,18.4,31428,0.5,1.0,0.026567481,SIRE,2022-04-29 19:03:00,AMC,https://www.stockwatch.com/News/Item/U-b20220429005649-U!SIRE-20220429/U/SIRE,https://www.stockwatch.com/Quote/Fundamentals?U:SIRE,Sisecam Resources LP Announces Quarterly Cash Distribution
2022-04-28 00:00:00+00:00,16.97,17.12,16.27,16.63,741729,16.97,17.12,16.27,16.63,741729,1.0,1.0,0.059988002,SKT,2022-04-11 11:00:00,DAY,https://www.stockwatch.com/News/Item/U-prCL18266-U!SKT-20220411/U/SKT,https://www.stockwatch.com/Quote/Fundamentals?U:SKT,Tanger Increases Dividend by 9.6%
2022-05-11 00:00:00+00:00,10.31,10.31,9.69,9.93,39434,10.31,10.31,9.69,9.93,39434,0.4313117,1.0,0.041293605,SLCJY,-,-,-,-,-
2022-04-07 00:00:00+00:00,39.94,40.26,39.45,40.23,40760,39.94,40.26,39.45,40.23,40760,1.089293,1.0,0.026816667,SMFKY,-,-,-,-,-
2022-05-31 00:00:00+00:00,0.48,0.5113,0.475,0.4895,53900,0.48,0.5113,0.475,0.4895,53900,0.046,1.0,0.088512603,SNPMF,-,-,-,-,-
2022-05-04 00:00:00+00:00,52.49,52.53,51.1,51.44,2344355,52.21043541,52.25022237,50.82783863,51.16602777,2344355,1.7967514,1.0,0.033634433,SNY,-,-,-,-,-
2022-05-24 00:00:00+00:00,7.08,7.3,6.97,7.3,142964,7.08,7.3,6.97,7.3,142964,0.3125,1.0,0.041445623,SPOK,-,-,-,-,-
2022-06-02 00:00:00+00:00,103.83,105.8499,98.9,99.3,2651671,103.83,105.8499,98.9,99.3,2651671,2.78716,1.0,0.027666865,SQM,-,-,-,-,-
2022-05-09 00:00:00+00:00,9.4,10.21,8.98,9.96,26336,9.4,10.21,8.98,9.96,26336,0.27,1.0,0.02755102,SRL,2022-04-29 21:50:00,AMC,https://www.stockwatch.com/News/Item/U-prLA42168-U!SRL-20220429/U/SRL,https://www.stockwatch.com/Quote/Fundamentals?U:SRL,"SCULLY ROYALTY LTD. PROVIDES CORPORATE UPDATE, FILES ITS 2021 ANNUAL REPORT ON FORM 20-F AND DECLARES ITS SECOND 2022 CASH DIVIDEND"
2022-05-05 00:00:00+00:00,16.43,16.45,15.57,15.57,57800,16.43,16.45,15.57,15.57,57800,0.4338,1.0,0.025898507,SRLP,2022-04-25 09:00:00,BMO,https://www.stockwatch.com/News/Item/U-z8526837-U!SRLP-20220425/U/SRLP,https://www.stockwatch.com/Quote/Fundamentals?U:SRLP,Sprague Resources LP Announces Cash Distribution for the First Quarter of 2022 and Earnings Conference Call Schedule
2022-04-19 00:00:00+00:00,21.85,22.0,21.67,21.89,147968,21.85,22.0,21.67,21.89,147968,1.569466,1.0,0.06594395,SSREY,-,-,-,-,-
2022-04-19 00:00:00+00:00,14.47,14.49,14.18,14.18,4080642,14.47,14.49,14.18,14.18,4080642,1.122,1.0,0.074304636,STLA,2022-02-25 22:20:00,AMC,https://www.stockwatch.com/News/Item/U-z1000607317-U!STLA-20220225/U/STLA,https://www.stockwatch.com/Quote/Fundamentals?U:STLA,Stellantis Publishes 2021 Annual Report and Files Form 20-F and Provides Calendar of Proposed Dividend Distribution
2022-05-26 00:00:00+00:00,11.61,12.2,11.18,12.2,177839,11.61,12.2,11.18,12.2,177839,0.275082,1.0,0.023353595,SWGAY,-,-,-,-,-
2022-04-05 00:00:00+00:00,6.17,6.43,6.1,6.33,221124,6.17,6.43,6.1,6.33,221124,0.204355,1.0,0.031930469,SWRAY,-,-,-,-,-
2022-06-01 00:00:00+00:00,5.07,5.12,5.015,5.12,1310066,5.07,5.12,5.015,5.12,1310066,0.15799,1.032258,0.029697368,TEF,-,-,-,-,-
2022-05-12 00:00:00+00:00,12.68,12.9,12.57,12.64,154121,12.68,12.9,12.57,12.64,154121,0.5766793,1.0,0.044156149,TELNY,-,-,-,-,-
2022-04-28 00:00:00+00:00,4.47,4.51,4.2344,4.44,564442,4.47,4.51,4.2344,4.44,564442,0.1,1.0,0.022421525,TGA,2022-03-16 22:14:00,AMC,https://www.stockwatch.com/News/Item/U-nf117121_313-U!TGA-20220316/U/TGA,https://www.stockwatch.com/Quote/Fundamentals?U:TGA,Transglobe Energy Corporation Announces Declaration of Dividend
2022-05-25 00:00:00+00:00,0.9294,0.9294,0.85,0.85,34390,0.9294,0.9294,0.85,0.85,34390,0.020332,1.0,0.022221979,TKGBY,-,-,-,-,-
2022-04-07 00:00:00+00:00,7.92,7.97,7.85,7.9,83400,7.92,7.97,7.85,7.9,83400,0.209061,1.0,0.025620221,TLSNY,-,-,-,-,-
2022-05-11 00:00:00+00:00,53.08644,54.9206,52.2675,53.25,57274,53.08644,54.9206,52.2675,53.25,57274,1.152,1.0,0.021855435,TRMLF,-,-,-,-,-
2022-05-19 00:00:00+00:00,9.523,9.56,9.43,9.465,298581,9.523,9.56,9.43,9.465,298581,0.2963914,1.0,0.030336888,TSCDY,-,-,-,-,-
2022-05-05 00:00:00+00:00,40.8,43.75,39.8,43.5,537271,40.8,43.75,39.8,43.5,537271,1.8,1.0,0.039378692,TX,-,-,-,-,-
2022-05-24 00:00:00+00:00,2.85,2.85,2.735,2.82,2130697,2.85,2.85,2.735,2.82,2130697,0.080364,1.0,0.027807612,UGP,-,-,-,-,-
2022-04-21 00:00:00+00:00,5.006,5.17,4.85,5.17,121178,5.006,5.17,4.85,5.17,121178,0.189888,1.0,0.036018209,UNCRY,-,-,-,-,-
2022-04-27 00:00:00+00:00,43.71,43.9,43.47,43.8,63987,43.71,43.9,43.47,43.8,63987,0.883587,1.0,0.020035986,UOVEY,-,-,-,-,-
2022-04-22 00:00:00+00:00,18.7,19.165,18.33,19.03,520479,18.7,19.165,18.33,19.03,520479,0.525,1.0,0.026609225,USAC,2022-04-14 19:30:00,AMC,https://www.stockwatch.com/News/Item/U-b20220414005769-U!USAC-20220414/U/USAC,https://www.stockwatch.com/Quote/Fundamentals?U:USAC,USA Compression Partners Announces First Quarter 2022 Distribution; First Quarter 2022 Earnings Release and Conference Call Scheduled for May 3
2022-04-29 00:00:00+00:00,2.35,2.52,2.35,2.52,69240,2.35,2.52,2.35,2.52,69240,0.117612,1.0,0.046122353,USNZY,-,-,-,-,-
2022-04-22 00:00:00+00:00,24.52,24.76,24.32,24.5601,71388,24.52,24.76,24.32,24.5601,71388,0.619425,1.0,0.024272139,VCISY,-,-,-,-,-
2022-05-31 00:00:00+00:00,8.47,8.6102,8.38,8.61,103736,8.47,8.6102,8.38,8.61,103736,0.18125,1.0,0.020737986,VIA,2022-04-21 21:01:00,AMC,https://www.stockwatch.com/News/Item/U-by0698399-U!VIA-20220421/U/VIA,https://www.stockwatch.com/Quote/Fundamentals?U:VIA,"Via Renewables, Inc. Announces Dividend on Common and Preferred Stock"
2022-04-27 00:00:00+00:00,10.49,10.5,10.23,10.5,7482573,10.47045242,10.48043378,10.21093691,10.48043378,7482573,0.255244,1.0,0.023765736,VIV,-,-,-,-,-
2022-04-29 00:00:00+00:00,11.416,11.552,11.4,11.54,84256,11.416,11.552,11.4,11.54,84256,0.270812,1.0,0.023008666,VIVHY,-,-,-,-,-
2022-05-12 00:00:00+00:00,154.8,154.8,151.1826,151.927,31784,147.0710765,147.0710765,143.6342876,144.3415209,31784,7.955917,1.0,0.052341559,VLKPF,-,-,-,-,-
2022-04-07 00:00:00+00:00,16.61,16.76,16.4001,16.74,194128,16.61,16.76,16.4001,16.74,194128,1.3813666,1.0,0.076572428,VLVLY,-,-,-,-,-
2022-05-11 00:00:00+00:00,27.8,28.98,27.62,28.0,503102,27.8,28.98,27.62,28.0,503102,0.67,1.0,0.023583245,VNOM,-,-,-,-,-
2022-04-29 00:00:00+00:00,7.28,7.64,7.27,7.55,159344,7.28,7.64,7.27,7.55,159344,0.28,1.0,0.03566879,VOC,2022-04-20 19:30:00,AMC,https://www.stockwatch.com/News/Item/U-b20220420006041-U!VOC-20220420/U/VOC,https://www.stockwatch.com/Quote/Fundamentals?U:VOC,VOC Energy Trust Announces Trust Quarterly Distribution
2022-06-03 00:00:00+00:00,15.68,15.86,15.65,15.84,5138259,15.68,15.86,15.65,15.84,5138259,0.472455,1.0,0.02889633,VOD,-,-,-,-,-
2022-05-02 00:00:00+00:00,18.84,19.11,18.504,18.7799,275673,18.84,19.11,18.504,18.7799,275673,0.625252,1.0,0.031153563,VONOY,-,-,-,-,-
2022-05-13 00:00:00+00:00,20.04,20.11,19.57,19.6096,399645,20.04,20.11,19.57,19.6096,399645,0.818415,1.0,0.04031601,VWAGY,-,-,-,-,-
2022-05-13 00:00:00+00:00,14.984,15.0899,14.7,14.7,266619,14.984,15.0899,14.7,14.7,266619,0.8249623,1.0,0.054467338,VWAPY,-,-,-,-,-
2022-04-29 00:00:00+00:00,24.19,24.91,23.99,24.64,981527,24.19,24.91,23.99,24.64,981527,0.5,1.0,0.02004008,WES,2022-04-21 11:30:00,DAY,https://www.stockwatch.com/News/Item/U-b20220421005040-U!WES-20220421/U/WES,https://www.stockwatch.com/Quote/Fundamentals?U:WES,Western Midstream Announces First-Quarter 2022 Distribution Increase and Earnings Conference Call
2022-05-11 00:00:00+00:00,22.8,23.32,22.71,23.1,47274,22.8,23.32,22.71,23.1,47274,1.7177132,1.0,0.070629655,YARIY,-,-,-,-,-
2022-05-27 00:00:00+00:00,68.03,68.7,64.35,66.9,6027755,68.03,68.7,64.35,66.9,6027755,2.85,1.0,0.040989501,ZIM,2022-05-26 19:10:00,AMC,https://www.stockwatch.com/News/Item/U-prLN69321-U!ZIM-20220526/U/ZIM,https://www.stockwatch.com/Quote/Fundamentals?U:ZIM,ZIM Updates on Withholding Tax Procedures on June 2022 Cash Dividend
2022-04-08 00:00:00+00:00,47.38,47.67,46.96,46.96,56730,47.38,47.67,46.96,46.96,56730,2.16412,1.0,0.044256033,ZURVY,2022-03-17 20:18:00,AMC,https://www.stockwatch.com/News/Item/U-prCG95998-U!ZURVY-20220317/U/ZURVY,https://www.stockwatch.com/Quote/Fundamentals?U:ZURVY,Zurich adds select agencies to its F&I distribution strategy
2022-04-19 00:00:00+00:00,14.47,14.49,14.18,14.18,4080642,14.47,14.49,14.18,14.18,4080642,1.122,1.0,0.074304636,FCAU,-,-,-,-,-
2022-04-21 00:00:00+00:00,7.68,7.88,7.64,7.83,1528955,7.68,7.88,7.64,7.83,1528955,0.18,1.0,0.02247191,usa,2022-04-11 15:00:00,DAY,https://www.stockwatch.com/News/Item/U-prNY21297-U!USA-20220411/U/USA,https://www.stockwatch.com/Quote/Fundamentals?U:usa,Liberty All-Star(TM) Equity Fund Declares Distribution
